name,credit,class,for,totalstudent,day,shift,at,lectures
Khóa luận tốt nghiệp,9,MAT4081,MT&KHTT,,,,BM,
Phân tích và thiết kế hệ thống thông tin,3,"MAT3567 1,2",MT&KHTT,,7,4-5,PM,"Nguyễn Thị Bích Thủy
Vũ Tiến Dũng"
Phân tích và thiết kế hệ thống thông tin,3,MAT3567 1,MT&KHTT,25,CN,13,PM,"Nguyễn Thị Bích Thủy
Vũ Tiến Dũng"
Phân tích và thiết kế hệ thống thông tin,3,MAT3567 2,MT&KHTT,25,CN,13,PM,"Nguyễn Thị Bích Thủy
Vũ Tiến Dũng"
Tìm kiếm thông tin,3,"MAT3535 1,2",MT&KHTT,,2,6-7,202-T4,Lê Hồng Phương
Tìm kiếm thông tin,3,MAT3535 1,MT&KHTT,25,4,1-5,PM,Lê Hồng Phương
Tìm kiếm thông tin,3,MAT3535 2,MT&KHTT,25,4,1-5,PM,Lê Hồng Phương
Một số vấn đề chọn lọc về Trí tuệ nhân tạo,3,"MAT3377 1,2",MT&KHTT,,6,4-5,202-T4,Nguyễn Thị Bích Thủy
Một số vấn đề chọn lọc về Trí tuệ nhân tạo,3,MAT3377 1,MT&KHTT,25,5,8-10,PM,Nguyễn Thị Bích Thủy
Một số vấn đề chọn lọc về Trí tuệ nhân tạo,3,MAT3377 2,MT&KHTT,25,5,8-10,PM,Nguyễn Thị Bích Thủy
"Tư tưởng Hồ Chí Minh
",,Môn chung,MT&KHTT,,,,Môn chung toàn trường,
"Tư tưởng Hồ Chí Minh
",,Môn chung,MT&KHTT,,,,Môn chung toàn trường,
Tìm kiếm thông tin ,3,"MAT3535 3,4,5",MT&KHTT,,2,4-5,202-T4,Lê Hồng Phương
Tìm kiếm thông tin,3,MAT3535 3,MT&KHTT,25,5,6-10,PM,Lê Hồng Phương
Tìm kiếm thông tin,3,MAT3535 4,MT&KHTT,25,5,6-10,PM,Lê Hồng Phương
Tìm kiếm thông tin,3,MAT3535 5,MT&KHTT,25,5,6-10,PM,Lê Hồng Phương
Khóa luận tốt nghiệp,7,MAT4080,MT&KHTT,,,,BM,
Phân tích và thiết kế hệ thống thông tin,4,"MAT3544 1,2,3,4",MT&KHTT,,7,4-5,PM,"Nguyễn Thị Bích Thủy
Vũ Tiến Dũng"
Phân tích và thiết kế hệ thống thông tin,4,MAT3544 1,MT&KHTT,20,CN,13,PM,"Nguyễn Thị Bích Thủy
Vũ Tiến Dũng"
Phân tích và thiết kế hệ thống thông tin,4,MAT3544 2,MT&KHTT,20,CN,13,PM,"Nguyễn Thị Bích Thủy
Vũ Tiến Dũng"
Phân tích và thiết kế hệ thống thông tin,4,MAT3544 3,MT&KHTT,20,CN,13,PM,"Nguyễn Thị Bích Thủy
Vũ Tiến Dũng"
Phân tích và thiết kế hệ thống thông tin,4,MAT3544 4,MT&KHTT,20,CN,13,PM,"Nguyễn Thị Bích Thủy
Vũ Tiến Dũng"
Khóa luận tốt nghiệp,7,MAT4070,Toán học,,,,BM,
Một số vấn đề chọn lọc trong Toán học,3,MAT4071,Toán học,,5,3-5,302-T4,Phó Đức Tài
Khóa luận tốt nghiệp,10,MAT4074,Toán học,,,,BM,
Một số vấn đề chọn lọc trong tính toán khoa học,4,MAT4072,Toán học + Toán Tin,60,2,9-10,201-T4,Nguyễn Trung Hiếu
Một số vấn đề chọn lọc trong tính toán khoa học,4,MAT4072,Toán học + Toán Tin,60,6,1-3,104-T5,Nguyễn Trung Hiếu
Xây dựng phần mềm,3,"MAT3371 1,2",Toán Tin,,7,4-5,203-T5,"Nguyễn Thị Bích Thủy
Vũ Tiến Dũng"
Xây dựng phần mềm,3,MAT3371 1,Toán Tin,25,CN,13,PM,"Nguyễn Thị Bích Thủy
Vũ Tiến Dũng"
Xây dựng phần mềm,3,MAT3371 2,Toán Tin,25,CN,13,PM,"Nguyễn Thị Bích Thủy
Vũ Tiến Dũng"
Khóa luận tốt nghiệp,7,MAT4082,Toán Tin,,,,BM,
"Tư tưởng Hồ Chí Minh
",,Môn chung,KHDL,,,,Môn chung toàn trường,
Khóa luận tốt nghiệp,,MAT4083,KHDL,,,,BM,
Một số vấn đề ứng dụng của khoa học dữ liệu,4,"MAT3397 1,2",KHDL,,7,4-5,PM,"Nguyễn Thị Bích Thủy
Vũ Tiến Dũng"
Một số vấn đề ứng dụng của khoa học dữ liệu,4,MAT3397 1,KHDL,25,CN,13,PM,"Nguyễn Thị Bích Thủy
Vũ Tiến Dũng"
Một số vấn đề ứng dụng của khoa học dữ liệu,4,MAT3397 2,KHDL,25,CN,13,PM,"Nguyễn Thị Bích Thủy
Vũ Tiến Dũng"
Một số chủ đề trong mô hình hóa và phân tích dữ liệu,3,"MAT3398 1,2",KHDL,,5,4-5,202-T4,Phạm Đình Tùng
Một số chủ đề trong mô hình hóa và phân tích dữ liệu,3,MAT3398 1,KHDL,25,6,2-5,PM,Tạ Văn Chiến
Một số chủ đề trong mô hình hóa và phân tích dữ liệu,3,MAT3398 2,KHDL,25,6,2-5,PM,Nguyễn Trung Đức
Thực tập thực tế về Khoa học dữ liệu,3,#N/A,,,CN,13,#N/A,"Nguyễn Thị Bích Thủy
Vũ Tiến Dũng"
Tối ưu hóa,3,MAT2407 1,KHDL,,5,1-2,201-T5,Ngô Thị Thương
Tối ưu hóa,3,MAT2407 1,KHDL,,6,1-2,101-T5,Ngô Thị Thương
Phương pháp nghiên cứu khoa học,3,MAT2315,KHDL,,3,4-5,GĐ7T5,Nguyễn Thị Minh Huyền
Phương pháp nghiên cứu khoa học,3,MAT2315,KHDL,,CN,13,BM,BMTH+PTNKHDN
Học máy,3,"MAT3533 1,2",KHDL,,4,1-2,201-T5,Cao Văn Chung
Học máy,3,MAT3533 1,KHDL,25,2,1-5,PM,"Cao Văn Chung
BMTH"
Học máy,3,MAT3533 2,KHDL,25,2,1-5,PM,"Cao Văn Chung
BMTH"
Seminar Một số vấn đề chọn lọc về Khoa học dữ liệu,2,MAT3380,KHDL,,6,6-8,207-T5,Nguyễn Thị Bích Thủy
Khai phá dữ liệu,3,"MAT3534 1,2",KHDL,,6,4-5,304-T4,Lê Hoàng Sơn
Khai phá dữ liệu,3,MAT3534 1,KHDL,25,4,6-10,PM,Lê Hoàng Sơn
Khai phá dữ liệu,3,MAT3534 2,KHDL,25,4,6-10,PM,Lê Hoàng Sơn
Phương pháp tính toán trong thống kê và khoa học dữ liệu,3,"MAT3386 1,2",KHDL,,2,6-7,201-T5,Trịnh Quốc Anh
Phương pháp tính toán trong thống kê và khoa học dữ liệu,3,MAT3386 1,KHDL,25,3,6-10,PM,Trần Phương Thảo
Phương pháp tính toán trong thống kê và khoa học dữ liệu,3,MAT3386 2,KHDL,25,3,6-10,PM,Đỗ Phương Nam
Giải tích số ,3,MAT2034,MT&KHTT,,2,6-7,203-T4,Lê Huy Hoàng
Giải tích số ,3,MAT2034,MT&KHTT,,6,4-5,203-T4,Lê Huy Hoàng
Thiết kế và đánh giá thuật toán (**),3,"MAT3552E 1,2",MT&KHTT,,2,9-10,109-T5,Nguyễn Thị Hồng Minh
Thiết kế và đánh giá thuật toán (**),3,MAT3552E 1,MT&KHTT,20,5,6-10,PM,"Tạ Văn Nhân
BMTH"
Thiết kế và đánh giá thuật toán (**),3,MAT3552E 2,MT&KHTT,20,5,6-10,PM,"Tạ Văn Nhân
BMTH"
Kiến trúc máy tính,3,"MAT3505 1,2",MT&KHTT,,6,9-10,105-T5,Lê Quang Thảo
Kiến trúc máy tính,3,MAT3505 1,MT&KHTT,25,7,2-3,102T5,Lê Quang Thảo
Kiến trúc máy tính,3,MAT3505 2,MT&KHTT,25,7,4-5,102T5,Lê Quang Thảo
Tính toán song song,3,"MAT3532 1,2",MT&KHTT,,2,2-3,204-T5,Trần Hà Nguyên
Tính toán song song,3,MAT3532 1,MT&KHTT,20,4,6-10,PM,Trần Hà Nguyên
Tính toán song song,3,MAT3532 2,MT&KHTT,20,4,6-10,PM,Trần Hà Nguyên
Nhập môn an toàn máy tính (**),3,MAT3373E 1,MT&KHTT,,6,6-8,105-T5,Hoàng Quốc Hùng
Phương pháp nghiên cứu khoa học (**),3,MAT2315E,MT&KHTT,,3,4-5,GĐ7T5,Nguyễn Thị Minh Huyền
Phương pháp nghiên cứu khoa học (**),3,MAT2315E,MT&KHTT,,CN,13,BM,BMTH+PTNKHDN
Học máy,3,"MAT3533 3,4",MT&KHTT,,5,1-2,413-T5,Cao Văn Chung
Học máy,3,MAT3533 3,MT&KHTT,25,3,6-10,PM,"Cao Văn Chung
BMTH"
Học máy,3,MAT3533 4,MT&KHTT,25,3,6-10,PM,"Cao Văn Chung
BMTH"
Thị giác máy tính (**),3,"MAT3562E 1,2",MT&KHTT,,4,4-5,111-T5,Đỗ Thanh Hà
Thị giác máy tính (**),3,MAT3562E 1,MT&KHTT,25,5,3-5,PM,Đỗ Thanh Hà
Thị giác máy tính (**),3,MAT3562E 2,MT&KHTT,25,5,3-5,PM,Đỗ Thanh Hà
Tối ưu hóa,3,MAT2411E,MT&KHTT,,3,1-2,407-T5,Nguyễn Ngọc Phan
Tối ưu hóa,3,MAT2411E,MT&KHTT,,4,1-2,204-T5,Nguyễn Ngọc Phan
Thiết kế và đánh giá thuật toán (**),3,"MAT3552E 3,4",MT&KHTT,,2,1-2,207-T5,Nguyễn Thị Hồng Minh
Thiết kế và đánh giá thuật toán (**),3,MAT3552E 3,MT&KHTT,20,4,6-10,PM,Tạ Văn Nhân + BMTH
Thiết kế và đánh giá thuật toán (**),3,MAT3552E 4,MT&KHTT,20,4,6-10,PM,Tạ Văn Nhân + BMTH
Kiến trúc máy tính,3,"MAT3505 3,4",MT&KHTT,,6,6-7,205-T5,Lê Quang Thảo
Kiến trúc máy tính,3,MAT3505 3,MT&KHTT,25,7,7-8,102T5,Lê Quang Thảo
Kiến trúc máy tính,3,MAT3505 4,MT&KHTT,25,7,9-10,102T5,Lê Quang Thảo
Tính toán song song,3,"MAT3532 3,4",MT&KHTT,,2,4-5,204-T4,Trần Hà Nguyên
Tính toán song song,3,MAT3532 3,MT&KHTT,20,5,6-10,PM,Trần Hà Nguyên
Tính toán song song,3,MAT3532 4,MT&KHTT,20,5,6-10,PM,Trần Hà Nguyên
Nhập môn an toàn máy tính (**),3,MAT3373E 2,MT&KHTT,,6,1-3,103-T5,Hoàng Quốc Hùng
Giải tích số,4,MAT2404,Toán - Tin,,2,1-3,108-T5,Nguyễn Trung Hiếu
Giải tích số,4,MAT2404,Toán - Tin,,6,4-5,204-T4,Nguyễn Trung Hiếu
Tư tưởng Hồ Chí Minh,2,Môn chung,Toán - Tin,,,,Môn chung toàn trường,
Thiết kế và đánh giá thuật toán,3,"MAT3504 1,2,3",Toán - Tin,,3,1-2,302-T4,Lê Trọng Vĩnh
Thiết kế và đánh giá thuật toán,3,MAT3504 1,Toán - Tin,20,3,3-5,PM,"Lê Trọng Vĩnh
BMTH"
Thiết kế và đánh giá thuật toán,3,MAT3504 2,Toán - Tin,20,3,3-5,PM,"Lê Trọng Vĩnh
BMTH"
Thiết kế và đánh giá thuật toán,3,MAT3504 3,Toán - Tin,20,3,3-5,PM,"Lê Trọng Vĩnh
BMTH"
Phân tích thống kê nhiều chiều,3,"MAT3452 1,2",Toán - Tin,,2,4-5,201-T5,Phạm Đình Tùng
Phân tích thống kê nhiều chiều,3,MAT3452 1,Toán - Tin,25,6,6-8,PM,Nguyễn Bảo Ngọc
Phân tích thống kê nhiều chiều,3,MAT3452 2,Toán - Tin,25,6,8-10,PM,Nguyễn Bảo Ngọc
Thực hành tính toán,2,MAT3525,Toán - Tin,,5,3-5,201-T5,Nguyễn Thị Hoài
Học máy,3,"MAT3533 5,6,7",Toán - Tin,,4,4-5,203-T5,Cao Văn Chung
Học máy,3,MAT3533 5,Toán - Tin,20,5,6-10,PM,"Cao Văn Chung
 BMTH"
Học máy,3,MAT3533 6,Toán - Tin,20,5,6-10,PM,"Cao Văn Chung
 BMTH"
Học máy,3,MAT3533 7,Toán - Tin,20,5,6-10,PM,"Cao Văn Chung
 BMTH"
"Tư tưởng Hồ Chí Minh
",2,Môn chung,Toán học,,,,Môn chung toàn trường,
Phương trình đạo hàm riêng 1,3,MAT2306,Toán học,,3,4-5,207-T5,Đặng Anh Tuấn
Phương trình đạo hàm riêng 1,3,MAT2306,Toán học,,6,6-7,104-T4,Nguyễn Tiến Tài
Tối ưu hóa,3,MAT2407 2,Toán học,,3,1-2,204-T4,Hoàng Nam Dũng
Tối ưu hóa,3,MAT2407 2,Toán học,,4,1-2,206-T5,Hoàng Anh Quân
Thống kê ứng dụng,4,MAT2311 1,Toán học,,4,3-5,108-T5,Hoàng Thị Phương Thảo
Thống kê ứng dụng,4,MAT2311 1,Toán học,,6,1-2,107-T5,Trần Phương Thảo
Cơ sở hình học vi phân,3,MAT3306,Toán học,,2,3-5,205-T5,Nguyễn Minh Hoàng
Lý thuyết Galois,4,MAT3347 1,Toán học,,5,4-5,205-T5,Võ Thị Như Quỳnh
Lý thuyết Galois,4,MAT3347 1,Toán học,,6,4-5,407-T5,Võ Thị Như Quỳnh
Thống kê ứng dụng ,4,MAT2311 2,Toán học,,3,6-8,206-T5,Phạm Đình Tùng
Thống kê ứng dụng,4,MAT2311 3,Toán học,,6,4-5,205-T5,Phạm Đình Tùng
Cơ sở hình học vi phân,3,MAT3306,Toán học,,2,3-5,306-T5,Nguyễn Minh Hoàng
Lý thuyết Galois,4,MAT3347 2,Toán học,,2,6-7,413-T5,Phạm Văn Tuấn
Lý thuyết Galois,4,MAT3347 2,Toán học,,4,1-2,404-T5,Phạm Văn Tuấn
Giải tích trên đa tạp,3,MAT3318,Toán học,,5,3-5,413-T5,Nguyễn Thạc Dũng
Xác suất 2,3,MAT3322,Toán học,,4,3-5,309-T5,Tạ Công Sơn
Xemina 1,2,MAT3363,Toán học,,6,1-3,304-T5,Lê Huy Hoàng
Hệ động lực,3,MAT3101,Toán học,,5,6-8,107-T5,Lê Huy Tiễn
Cơ sở văn hóa Việt Nam,3,Môn chung,KHDL,,,,#N/A,
Khoa học trái đất và sự sống,3,Môn chung,KHDL,,,,#N/A,
Nhập môn Robotics,3,Môn chung,KHDL,,,,#N/A,
Phương trình vi phân,3,MAT2403 1,KHDL,,2,1-2,209-T5,Nguyễn Thụy Trung
Phương trình vi phân,3,MAT2403 1,KHDL,,3,4-5,201-T5,Lê Bá Dũng
Cấu trúc dữ liệu và thuật toán,4,"MAT3514 1,2,3",KHDL,,6,6-8,203-T5,Nguyễn Thị Tâm
Cấu trúc dữ liệu và thuật toán,4,MAT3514 1,KHDL,20,2,6-10,PM,BMTH
Cấu trúc dữ liệu và thuật toán,4,MAT3514 2,KHDL,20,2,6-10,PM,BMTH
Cấu trúc dữ liệu và thuật toán,4,MAT3514 3,KHDL,20,2,6-10,PM,BMTH
Phân tích hồi quy và ứng dụng,3,"MAT3379 1,2",KHDL,,2,4-5,203-T5,Trịnh Quốc Anh
Phân tích hồi quy và ứng dụng,3,MAT3379 1,KHDL,30,4,1-5,PM,Trịnh Quốc Anh
Phân tích hồi quy và ứng dụng,3,MAT3379 2,KHDL,30,4,1-5,PM,Nguyễn Bảo Ngọc
Quản trị dữ liệu lớn,3,"MAT3378 1,2,3",KHDL,,3,6-7,201-T5,Phạm Tiến Lâm
Quản trị dữ liệu lớn,3,MAT3378 1,KHDL,20,4,6-10,PM,"Phạm Tiến Lâm
Đặng Văn Báu"
Quản trị dữ liệu lớn,3,MAT3378 2,KHDL,20,4,6-10,PM,"Phạm Tiến Lâm
Đặng Văn Báu"
Quản trị dữ liệu lớn,3,MAT3378 3,KHDL,20,4,6-10,PM,"Phạm Tiến Lâm
Đặng Văn Báu"
Tiếng Anh chuyên ngành khoa học máy tính,3,MAT1205E 1,KHMT&TT,60,2,6-8,206-T5,Đỗ Thanh Hà
Phương trình vi phân,3,MAT2403 2,KHMT&TT,60,6,4-5,201-T5,Nguyễn Hữu Dư
Phương trình vi phân,3,MAT2403 2,KHMT&TT,60,3,1-2,201-T5,Lê Bá Dũng
Tối ưu hóa,3,MAT2407 3,KHMT&TT,60,3,4-5,206-T5,Nguyễn Ngọc Phan
Tối ưu hóa,3,MAT2407 3,KHMT&TT,60,4,4-5,104-T4,Nguyễn Ngọc Phan
Nguyên lí hệ điều hành,3,"MAT3550E 1,2",KHMT&TT,,5,6-7,205-T5,Hoàng Quốc Hùng
Nguyên lí hệ điều hành,3,MAT3550E 1,KHMT&TT,25,3,6-10,PM,"Hoàng Quốc Hùng
BMTH"
Nguyên lí hệ điều hành,3,MAT3550E 2,KHMT&TT,25,3,6-10,PM,"Hoàng Quốc Hùng
BMTH"
Xác suất - Thống kê,4,MAT2323 1,KHMT&TT,60,4,1-2,311-T5,Lê Vĩ
Xác suất - Thống kê,4,MAT2323 1,KHMT&TT,60,6,1-3,306-T5,Lê Vĩ
Cơ sở văn hóa Việt Nam,3,Môn chung,KHMT&TT,,,,#N/A,0
Khoa học trái đất và sự sống,3,Môn chung,KHMT&TT,,,,#N/A,0
Nhập môn Robotics,3,Môn chung,KHMT&TT,,,,#N/A,0
Tiếng Anh chuyên ngành khoa học máy tính,2,MAT1205E 2,KHMT&TT,60,2,3-5,104-T5,Đỗ Thanh Hà
Phương trình vi phân,3,MAT2403 3,KHMT&TT,60,4,1-2,207-T5,Nguyễn Thụy Trung
Phương trình vi phân,3,MAT2403 3,KHMT&TT,60,6,1-2,207-T5,Lê Bá Dũng
Tối ưu hóa,3,MAT2407 4,KHMT&TT,60,3,4-5,202-T4,Hoàng Nam Dũng
Tối ưu hóa,3,MAT2407 4,KHMT&TT,60,5,4-5,204-T4,Hoàng Anh Quân
Nguyễn lí hệ điều hành,3,"MAT3550E 3,4",KHMT&TT,,5,9-10,103-T5,Hoàng Quốc Hùng
Nguyễn lí hệ điều hành,3,MAT3550E 3,KHMT&TT,25,2,6-10,PM,"Hoàng Quốc Hùng
BMTH"
Nguyễn lí hệ điều hành,3,MAT3550E 4,KHMT&TT,25,2,6-10,PM,"Hoàng Quốc Hùng
BMTH"
Xác suất - Thống kê,4,MAT2323 2,KHMT&TT,60,3,1-3,105-T5,Trần Mạnh Cường
Xác suất - Thống kê,4,MAT2323 2,KHMT&TT,60,5,1-2,207-T5,Tạ Văn Chiến
Cơ sở văn hóa Việt Nam,3,Môn chung,KHMT&TT,,,,#N/A,
Khoa học trái đất và sự sống,3,Môn chung,KHMT&TT,,,,#N/A,
Nhập môn Robotics,3,Môn chung,KHMT&TT,,,,#N/A,
Lịch sử Đảng Cộng sản Việt Nam,,Môn chung,Toán - Tin,,,,#N/A,
Điện - Quang,,Môn chung,Toán - Tin,,,,Môn chung toàn trường,
Phương trình đạo hàm riêng,3,MAT3365,Toán - Tin,,2,4-5,204-T5,Đặng Anh Tuấn
Phương trình đạo hàm riêng,3,MAT3365,Toán - Tin,,4,1-2,205-T5,Nguyễn Tiến Tài
Phương trình vi phân,4,MAT2314 1,Toán - Tin,,3,8-10,104-T5,Lê Huy Tiễn
Phương trình vi phân,4,MAT2314 1,Toán - Tin,,2,9-10,104-T4,Trịnh Hoàng Dũng
Lập trình hướng đối tượng,3,"MAT1202 1,2,3",Toán - Tin,,3,6-7,108-T5,Quản Thái Hà
Lập trình hướng đối tượng,3,MAT1202 1,Toán - Tin,20,6,6-10,PM,Quản Thái Hà
Lập trình hướng đối tượng,3,MAT1202 2,Toán - Tin,20,6,6-10,PM,Quản Thái Hà
Lập trình hướng đối tượng,3,MAT1202 3,Toán - Tin,20,6,6-10,PM,Quản Thái Hà
Cơ sở dữ liệu,4,"MAT3507 1,2,3",Toán - Tin,,2,6-8,204-T4,Vũ Tiến Dũng
Cơ sở dữ liệu,4,MAT3507 1,Toán - Tin,25,5,1-5,PM,Trần Thị Hương
Cơ sở dữ liệu,4,MAT3507 2,Toán - Tin,25,5,1-5,PM,Trần Thị Hương
Cơ sở dữ liệu,4,MAT3507 3,Toán - Tin,25,5,1-5,PM,Trần Thị Hương
Lịch sử Đảng Cộng sản Việt Nam,2,Môn chung,Toán học,,,,#N/A,
Đại số đại cương,4,"MAT3300 1,2",Toán học,,5,6-8,206-T5,Võ Thị Như Quỳnh
Đại số đại cương,4,MAT3300 1,Toán học,35,6,6-7,111-T5,Đỗ Việt Cường
Đại số đại cương,4,MAT3300 2,Toán học,35,6,6-7,107-T5,Nguyễn Minh Hoàng
Tôpô đại cương,3,MAT3305,Toán học,,2,6-8,205-T5,Đào Phương Bắc
Xác suất 1,3,MAT2308,Toán học,,4,4-5,107-T5,Nguyễn Tiến Dũng
Xác suất 1,3,MAT2308,Toán học,,3,1-2,108-T5,Nguyễn Trung Đức
Giải tích phức,4,MAT3344 1,Toán học,,3,6-8,204-T5,Nguyễn Thạc Dũng
Giải tích phức,4,MAT3344 1,Toán học,,6,9-10,103-T5,Trịnh Huy Vũ
Hình học giải tích,2,MAT2310,Toán học,,5,3-5,207-T5,Nguyễn Minh Hoàng
Phương trình vi phân,4,MAT2314 2,Toán học,,3,3-5,309-T5,Nguyễn Hữu Dư
Phương trình vi phân,4,MAT2314 2,Toán học,,6,9-10,304-T5,Trịnh Hoàng Dũng
Tối ưu hóa,3,MAT2407 5,Toán học,,4,4-5,306-T5,Hoàng Nam Dũng
Tối ưu hóa,3,MAT2407 5,Toán học,,5,1-2,306-T5,Hoàng Nam Dũng
Đại số đại cương,4,MAT3300 3,Toán học,,2,3-5,207-T5,Võ Thị Như Quỳnh
Đại số đại cương,4,MAT3300 3,Toán học,,4,1-2,413-T5,Ngô Anh Tuấn
Giải tích hàm,4,MAT3340,Toán học,,5,3-5,404-T5,Lê Huy Chuẩn
Giải tích hàm ,4,MAT3340,Toán học,,3,6-7,309-T5,Lê Huy Chuẩn
Giải tích phức,4,MAT3344 2,Toán học,,6,6-8,309-T5,Phạm Trọng Tiến
Giải tích phức,4,MAT3344 2,Toán học,,2,6-7,309-T5,Phạm Trọng Tiến
Đại số tuyến tính  1,4,MAT2300,Toán học + Toán Tin,,5,8-10,104-T5,Lê Quý Thường
Đại số tuyến tính  1,4,MAT2300,Toán học + Toán Tin,,4,1-2,108-T5,Nguyễn Minh Đức
Giải tích 1,4,MAT2501,KHMT&TT + KHDL,,3,3-5,204-T5,Trịnh Viết Dược
Giải tích 1,4,MAT2501,KHMT&TT + KHDL,,4,6-8,106-T5,Phạm Thế Hào
Giải tích 1,5,MAT2302,Toán học + Toán Tin,,3,6-8,209-T5,Vũ Nhật Huy
Giải tích 1,5,MAT2302,Toán học + Toán Tin,,2,6-7,204-T5,Trần Thế Dũng
Giải tích 1,5,MAT2302,Toán học + Toán Tin,,5,6-7,204-T5,Trần Thế Dũng
Giải tích 2,4,"MAT2502 1,2",KHDL,,3,6-8,102-T5,Trần Thanh Tuấn
Giải tích 2,4,MAT2502 1,KHDL,35,5,6-8,109-T5,Lê Gia Linh
Giải tích 2,4,MAT2502 2,KHDL,35,5,6-8,111-T5,Nguyễn Thị Nga
Toán rời rạc,4,MAT3500,KHDL,,4,1-3,203-T5,Hoàng Anh Đức
Toán rời rạc,4,MAT3500,KHDL,,5,9-10,206-T5,Hoàng Anh Đức
Môi trường lập trình Linux,2,"MAT3557 1,2,3",KHDL,,3,9-10,101-T5,Trần Thị Hương
Môi trường lập trình Linux,2,MAT3557 1,KHDL,25,2,2-5,PM,Trần Thị Hương
Môi trường lập trình Linux,2,MAT3557 2,KHDL,25,2,2-5,PM,Hà Mỹ Linh
Môi trường lập trình Linux,2,MAT3557 3,KHDL,25,2,2-5,PM,Hà Mỹ Linh
Nhập môn phân tích dữ liệu,2,Môn chung,KHDL,,,,#N/A,
Nhập môn Internet kết nối vạn vật,2,Môn chung,KHDL,,,,#N/A,
Kinh tế chính trị Mác - Lênin,2,Môn chung,KHDL,,,,Môn chung toàn trường,
Lập trình cơ bản,3,"MAT2505 1,2,3",KHDL,,4,4-5,202-T5,Nguyễn Thị Tâm
Lập trình cơ bản,3,MAT2505 1,KHDL,25,6,6-10,PM,BMTH
Lập trình cơ bản,3,MAT2505 2,KHDL,25,6,6-10,PM,BMTH
Lập trình cơ bản,3,MAT2505 3,KHDL,25,6,6-10,PM,BMTH
Tiếng Anh B1,5,Môn chung,KHMT&TT,,,,#N/A,
Tiếng Anh B1,5,Môn chung,KHMT&TT,,,,#N/A,
Kinh tế chính trị Mác - Lênin,2,Môn chung,KHMT&TT,,,,Môn chung toàn trường,
Đại số tuyến tính,5,"MAT2400 1,2",KHMT&TT,,2,1-3,107-T5,Lê Quý Thường
Đại số tuyến tính,5,MAT2400 1,KHMT&TT,30,6,3-5,109-T5,Nguyễn Thế Cường
Đại số tuyến tính,5,MAT2400 2,KHMT&TT,30,6,3-5,111-T5,Đỗ Việt Cường
Giải tích 2,4,"MAT2502 3,4",KHMT&TT,,3,6-8,205-T5,Nguyễn Thị Hoài
Giải tích 2,4,MAT2502 3,KHMT&TT,30,6,6-8,109-T5,Nguyễn Tiến Mạnh
Giải tích 2,4,MAT2502 4,KHMT&TT,30,6,6-8,106-T5,Trịnh Huy Vũ
Lập trình hướng đối tượng,3,"MAT1202 4,5,6",KHMT&TT,,3,9-10,105-T5,Quản Thái Hà
Lập trình hướng đối tượng,3,MAT1202 4,KHMT&TT,20,2,6-10,PM,Quản Thái Hà
Lập trình hướng đối tượng,3,MAT1202 5,KHMT&TT,20,2,6-10,PM,Quản Thái Hà
Lập trình hướng đối tượng,3,MAT1202 6,KHMT&TT,20,2,6-10,PM,Quản Thái Hà
Kinh tế chính trị Mác - Lênin,2,Môn chung,KHMT&TT,,,,Môn chung toàn trường,
Đại số tuyến tính,5,"MAT2400 3,4",KHMT&TT,,6,6-8,103-T5,Võ Thị Như Quỳnh
Đại số tuyến tính,5,MAT2400 3,KHMT&TT,30,5,1-3,109-T5,Phạm Văn Tuấn
Đại số tuyến tính,5,MAT2400 4,KHMT&TT,30,5,1-3,111-T5,Ngô Anh Tuấn
Giải tích 2,4,"MAT2502 5,6",KHMT&TT,,2,3-5,206-T5,Phạm Trọng Tiến
Giải tích 2,4,MAT2502 5,KHMT&TT,30,3,1-3,106-T5,Phạm Thế Hào
Giải tích 2,4,MAT2502 6,KHMT&TT,30,3,1-3,111-T5,Lê Gia Linh
Lập trình hướng đối tượng,3,"MAT1202 7,8,9",KHMT&TT,,5,6-7,106-T5,Quản Thái Hà
Lập trình hướng đối tượng,3,MAT1202 7,KHMT&TT,20,4,1-5,PM,Quản Thái Hà
Lập trình hướng đối tượng,3,MAT1202 8,KHMT&TT,20,4,1-5,PM,Quản Thái Hà
Lập trình hướng đối tượng,3,MAT1202 9,KHMT&TT,20,4,1-5,PM,Quản Thái Hà
Tiếng Anh B1,5,Môn chung,Toán học,,,,#N/A,
Kinh tế chính trị Mác - Lênin,2,Môn chung,Toán học,,,,Môn chung toàn trường,
Cơ học lý thuyết,3,MAT1076,Toán học,,3,1-2,107-T5,Trần Thanh Tuấn
Cơ học lý thuyết,3,MAT1076,Toán học,,5,1-2,107-T5,Trần Thanh Tuấn
Giải tích 2,5,"MAT2303 1,2",Toán học,,4,3-5,106-T5,Lê Huy Chuẩn
Giải tích 2,5,MAT2303 1,Toán học,30,5,4-5,204-T5,Ngô Thị Thương
Giải tích 2,5,MAT2303 2,Toán học,30,5,4-5,203-T5,Ninh Thị Thu
Giải tích 2,5,MAT2303 1,Toán học,30,6,4-5,204-T5,Ngô Thị Thương
Giải tích 2,5,MAT2303 2,Toán học,30,6,4-5,203-T5,Ninh Thị Thu
Đại số tuyến tính 2,4,"MAT2301 1,2",Toán học,,3,3-5,108-T5,Nguyễn Hữu Việt Hưng
Đại số tuyến tính 2,4,MAT2301 1,Toán học,30,2,4-5,107-T5,Nguyễn Thế Cường
Đại số tuyến tính 2,4,MAT2301 2,Toán học,30,2,4-5,108-T5,Phạm Văn Tuấn
Kinh tế chính trị Mác - Lênin,3,Môn chung,Toán học,,,,Môn chung toàn trường,
Tiếng Anh B1,5,Môn chung,Toán học,,,,#N/A,
Cơ học lý thuyết,3,MAT1076,Toán học,,3,1-2,107-T5,Trần Thanh Tuấn
Cơ học lý thuyết,3,MAT1076,Toán học,,5,1-2,107-T5,Trần Thanh Tuấn
Giải tích 2,5,MAT2303 3,Toán học,,3,3-5,306-T5,Ngô Quốc Anh
Giải tích 2,5,MAT2303 3,Toán học,,4,1-2,309-T5,Trịnh Viết Dược
Giải tích 2,5,MAT2303 3,Toán học,,5,4-5,311-T5,Trịnh Viết Dược
Đại số tuyến tính 2,5,MAT2321,Toán học,,6,3-5,303-T5,Nguyễn Hữu Việt Hưng
Đại số tuyến tính 2,5,MAT2321,Toán học,,4,3-5,303-T5,Ngô Anh Tuấn
Nhập môn phân tích dữ liệu,2,Môn chung,Toán học,,,,#N/A,
Nhập môn Internet kết nối vạn vật,2,Môn chung,Toán học,,,,#N/A,
Tiếng Anh B1,5,Môn chung,Toán Tin,,,,#N/A,
Kinh tế chính trị Mác - Lênin,2,Môn chung,Toán Tin,,,,Môn chung toàn trường,
Giải tích 2,4,"MAT2303 4,5",Toán Tin,,2,3-5,209-T5,Vũ Nhật Huy
Giải tích 2,4,MAT2303 4,Toán Tin,30,3,1-2,204-T5,Trần Thế Dũng
Giải tích 2,4,MAT2303 5,Toán Tin,30,3,1-2,203-T5,Nguyễn Tiến Tài
Giải tích 2,4,MAT2303 4,Toán Tin,30,6,1-2,105-T5,Trần Thế Dũng
Giải tích 2,4,MAT2303 5,Toán Tin,30,6,1-2,106-T5,Nguyễn Tiến Tài
Đại số tuyến tính 2,4,"MAT2301 3,4",Toán Tin,,6,3-5,207-T5,Đào Phương Bắc
Đại số tuyến tính 2,4,MAT2301 3,Toán Tin,30,2,1-2,101-T5,Nguyễn Thế Cường
Đại số tuyến tính 2,4,MAT2301 4,Toán Tin,30,2,1-2,104-T5,Đỗ Việt Cường
Lập trình cơ bản,3,"MAT2505 4,5,6",Toán Tin,,3,4-5,201-T4,Nguyễn Thị Tâm
Lập trình cơ bản,3,MAT2505 4,Toán Tin,20,5,1-5,PM,BMTH
Lập trình cơ bản,3,MAT2505 5,Toán Tin,20,5,1-5,PM,BMTH
Lập trình cơ bản,3,MAT2505 6,Toán Tin,20,5,1-5,PM,BMTH
Thống kê cho khoa học xã hội,2,MAT1078 1,ĐHKHXH&NV,,4,7-9,,Nguyễn Trọng Hiếu
Thống kê cho khoa học xã hội,2,MAT1078 2,ĐHKHXH&NV,,3,7-9,,Nguyễn Trọng Hiếu
